store,store_code,street,city,region,zip,manager_name,manager_phone,email
Solrise 39,ND-9,808 Boundary RD NW,Mandan,ND,58554,"Van Dam, Brett",+17019892311,
Solrise 46,ND-16,3921 Trenton DR,Bismarck,ND,58501,"Weldon, Jessica N.",+17014256733,
Solrise 36,ND-6,1410 Collins AVE,Mandan,ND,58554,"Duffey, Jay",+17013513656,
Solrise 47,ND-17,4100 Saratoga AVE,Bismarck,ND,58501,"Aamot, Anjanette L.",+17015274202,
Solrise 43,ND-13,2901 N 19th ST,Bismarck,ND,58503,Jeanette M Boeshans,+17012043206,
Solrise 37,ND-7,2205 Tyler PKWY,Bismarck,ND,58503,"Hempstead, Christine F.",+17012026996,
Solrise 44,ND-14,1210 E Main ST,Mandan,ND,58554,Jennifer Maloney,+17014716780,
Solrise 42,ND-12,1323 Border LN,Washburn,ND,58577,Tammy Hoeppner,+16085667278,
Solrise 38,ND-8,205 6th AVE SE,Mandan,ND,58554,"Benske, Jeannie",+17015160840,
Solrise 45,ND-15,1304 Interchange AVE,Bismarck,ND,58501,"Weldon, Jessica N.",+17014256733,
Solrise 40,ND-10,919 S Washington ST,Bismarck,ND,58501,"Grover, Brittany S.",+17014256904,
Solrise 41,ND-11,2901 Memorial HWY,Mandan,ND,58554,"Mancias, Adrianne M.",+17013015906,
Solrise 31,ND-5,209 US-2,Rugby,ND,58788,Tammy Hoeppner,+16085667278,
Solrise 29,ND-3,7141 US-2,Minot,ND,58701,Mary Johnson,+17017215126,
Solrise 30,ND-4,2625 N Broadway,Minot,ND,58703,Tammy Hoeppner,+16085667278,
Solrise 27,ND-1,1105 S Broadway,Minot,ND,58701,Mary Johnson,+17017215126,
Solrise 28,ND-2,2005 N Broadway,Minot,ND,58703,Tammy Hoeppner,+16085667278,
Solrise 17,,1944 N Main St,Cedar City,UT,84721,"Judd, Candy",+14355592038,
Solrise 50,,930 E Brigham Rd,Saint George,UT,84790,"McDermott, Jeslyn",+14354219155,
Solrise 16,,1590 US-40,Herber City,UT,84032,Cory Nielsen,+14356097147,
Solrise 49,,260 S Green Spring Dr,Washington,UT,84780,"Lopez III, Pablo",+18053543901,
Solrise 25,,585 E State St,American Fork,UT,84003,"Rowan, Karen",+18013769550,
Solrise 23,,21 N 1020 W St,American Fork,UT,84003,"Hansen, Brooke A.",+18017074712,
Solrise 21,,250 US-89,Elsinore,UT,84724,"Carter, Abbylee",+14356914698,
Solrise 18,,812 W 200 N,Cedar City,UT,84720,"Kern, Sharon K.",+14352333888,
Solrise 24,,135 S Main St,Huntington,UT,84528,"Justice, Joshua R.",+14357493314,
Solrise 20,,16610 W 200 S,Parowan,UT,84761,"Honeycutt, Valerie",+14355909542,
Solrise 22,,108 E State St,Lehi,UT,84043,Shelly Lindenlaub,+18014144407,
Solrise 26,,10022 N 4800 W,Cedar Hills,UT,94062,"Marsh, Stephanie",+18013680449,
Solrise 19,,734 S Main St,Cedar City,UT,84720,"Payton, Bethany",+14356913858,
Solrise 48,,7180 US 89,Flagstaff,AZ,86004,Daryl G. Westra,+19282210584,
Solrise 51,,2007 Blue Creek Rd,Billings,MT,,,,
Solrise 52,,2816 Old Hardin Rd,Billings,MT,,,,
Solrise 53,,3443 Central Ave,Billings,MT,,,,
Solrise 54,,2347 Main Street,Billings,MT,,,,
Solrise 55,,5550 Hwy 312,Billings,MT,,,,
